Source Type,Title,User ID,Message,Date
Group,Bolsonaristas Rio de Janeiro,1143115946,"tarcisio governador e 10, bolsonaro reeleito presidente e 22. https://youtu.be/uy3mbdgqnww",2022-09-04
Channel,FLÁVIO BOLSONARO,1270340966,"com bolsonaro, o brasil pode mais, muito mais!
eu sou #bolsonaro22!
tambem estou no tiktok, segue la: https://bit.ly/3resxln",2022-09-04
Channel,Lulaverso ✨,1543752981,"aqui voce ve primeiro
vem assistir em primeira mao a nova propaganda eleitoral de lula!
agora e respeito, agora e lula 13 presidente
siga @lulaverso",2022-09-03
Channel,Todos com Ciro,1186291639,"alexa, quem e ciro gomes?",2022-08-31
Channel,BolsonaroBR,1260775055,"atencao!!
para interagir no grupo @bolsonarobr , de um leve toque no primeiro botao, para ser direcionado as regras, no segundo botao, para entrar no grupo, e no terceiro botao, para o canal oficial do presidente @jairbolsonarobrasil.",2022-08-18
